domain,label
vedomosti.ru,Legitimate
metoffice.gov.uk,Legitimate
samsungmdec.com,Legitimate
modal.host,Legitimate
gzone.ph,Legitimate
partner.co.il,Legitimate
jecontacte.com,Legitimate
a-yz.com,Legitimate
loo3laej.com,Legitimate
netcraze.net,Legitimate
pixlates.com,Legitimate
nobroker.in,Legitimate
zdusercontent.com,Legitimate
withbuddies.com,Legitimate
163jiasu.com,Legitimate
mollie.com,Legitimate
chromeexperiments.com,Legitimate
truoptik.com,Legitimate
susercontent.com,Legitimate
getadblock.com,Legitimate
google.cat,Legitimate
kingofshojo.com,Legitimate
centene.com,Legitimate
walmart.ca,Legitimate
isna.ir,Legitimate
scmp.com,Legitimate
google.md,Legitimate
volcgtm.com,Legitimate
jquery.org,Legitimate
typepad.com,Legitimate
boursorama.com,Legitimate
awsdns-25.net,Legitimate
targetimg1.com,Legitimate
anywhereworks.com,Legitimate
soha.vn,Legitimate
nextcloud.com,Legitimate
home.blog,Legitimate
plyr.io,Legitimate
rynekzdrowia.pl,Legitimate
clicktale.net,Legitimate
nc0.co,Legitimate
gearupportal.com,Legitimate
capgemini.com,Legitimate
complianz.io,Legitimate
makeuseof.com,Legitimate
lpsnmedia.net,Legitimate
mtsbank.ru,Legitimate
gotowebinar.com,Legitimate
howstuffworks.com,Legitimate
usa.gov,Legitimate
moviead55.ru,Legitimate
constantcontactpages.com,Legitimate
sugarcrm.com,Legitimate
pubeasy.io,Legitimate
astm.org,Legitimate
fbi.com,Legitimate
huqindustries.co.uk,Legitimate
pepsico.com,Legitimate
manuals.plus,Legitimate
mimecastprotect.com,Legitimate
app-us1.com,Legitimate
labour.gov.za,Legitimate
utoon.net,Legitimate
rlp.de,Legitimate
trafficjunky.net,Legitimate
mixcloud.com,Legitimate
carrierzone.com,Legitimate
aditude.cloud,Legitimate
immunet.com,Legitimate
xhsocial.com,Legitimate
xhopen.com,Legitimate
mskcc.org,Legitimate
2k.com,Legitimate
ada.gov,Legitimate
amazon.se,Legitimate
google.com.my,Legitimate
rubika.ir,Legitimate
cleveland.com,Legitimate
inquirer.com,Legitimate
parallels.com,Legitimate
servicecdn.ru,Legitimate
runsignup.com,Legitimate
monash.edu.au,Legitimate
telenor.se,Legitimate
grist.org,Legitimate
termsfeed.com,Legitimate
awsdns-10.net,Legitimate
serveriai.lt,Legitimate
google.eu,Legitimate
red-gate.com,Legitimate
sc.com,Legitimate
uefa.com,Legitimate
funmora.com,Legitimate
clinch.co,Legitimate
xhamster.desi,Legitimate
awsdns-01.com,Legitimate
freedesktop.org,Legitimate
allianz.com,Legitimate
device9.com,Legitimate
polskieradio24.pl,Legitimate
unirioja.es,Legitimate
skokka.com.pe,Legitimate
itv.com,Legitimate
lendingtree.com,Legitimate
blahlivedsnowdrop.com,Legitimate
kino-teatr.ru,Legitimate
xvideo.vlog.br,Legitimate
spanishdict.com,Legitimate
uidapi.com,Legitimate
mdstrm.com,Legitimate
tver.jp,Legitimate
mxporn.net,Legitimate
ns247.net,Legitimate
state.gov,Legitimate
agenziaentrateriscossione.gov.it,Legitimate
smbcnikko.co.jp,Legitimate
netshort.com,Legitimate
runnersworld.com,Legitimate
clienttons.com,Legitimate
uncutmaza.com.co,Legitimate
astronautlividlyreformer.com,Legitimate
stellantis.com,Legitimate
audacityteam.org,Legitimate
yoti.com,Legitimate
3ds.com,Legitimate
starkgames.app,Legitimate
awsdns-40.net,Legitimate
drpc.org,Legitimate
ltguevmavv.com,Legitimate
powerplatform.com,Legitimate
bcvcdn.com,Legitimate
facct.ru,Legitimate
apptimize.com,Legitimate
samsungdive.com,Legitimate
blippington.com,Legitimate
now.gg,Legitimate
thescore.com,Legitimate
webaim.org,Legitimate
dnspod.com,Legitimate
ivideon.com,Legitimate
escapefromtarkov.com,Legitimate
tinypng.com,Legitimate
google.cf,Legitimate
smugmug.com,Legitimate
theblaze.com,Legitimate
arm-msedge.net,Legitimate
jreast.co.jp,Legitimate
onlydesiporn.com,Legitimate
fuq.com,Legitimate
rosszlanyok.hu,Legitimate
trustedstack.com,Legitimate
bezeq.co.il,Legitimate
restream-media.net,Legitimate
euro-football.ru,Legitimate
doxygen.org,Legitimate
mhanational.org,Legitimate
gpcloudservice.com,Legitimate
telcel.com,Legitimate
pemsrv.com,Legitimate
packet8.net,Legitimate
postimages.org,Legitimate
resultadofacil.com.br,Legitimate
lotoven.com,Legitimate
em.com.br,Legitimate
mynavi.jp,Legitimate
parliament.uk,Legitimate
amperwave.net,Legitimate
rdstation.com.br,Legitimate
rtactivate.com,Legitimate
pastelink.net,Legitimate
aliyuncsslb.com,Legitimate
cygwin.com,Legitimate
awsdns-40.co.uk,Legitimate
animeflv.net,Legitimate
uw.edu,Legitimate
ge.movie,Legitimate
numbeo.com,Legitimate
blender.org,Legitimate
statesman.com,Legitimate
ivcsmrt.com,Legitimate
zencdn.net,Legitimate
cnn.gr,Legitimate
iranintl.com,Legitimate
pfizer.com,Legitimate
smart.car,Legitimate
seek.com,Legitimate
mattermost.com,Legitimate
solana.com,Legitimate
france24.com,Legitimate
ctlcdn.cn,Legitimate
16personalities.com,Legitimate
eprocure.gov.bd,Legitimate
gs.com,Legitimate
awsdns-26.net,Legitimate
helpguide.org,Legitimate
eufylife.com,Legitimate
a47b.com,Legitimate
yubico.com,Legitimate
sciencefocus.com,Legitimate
xmdh.link,Legitimate
tide.co,Legitimate
kurir.rs,Legitimate
comfrt.com,Legitimate
share-dns.net,Legitimate
novofon.com,Legitimate
uni-freiburg.de,Legitimate
gelderlander.nl,Legitimate
blick.ch,Legitimate
aniwatchtv.to,Legitimate
cdnhwc10.cn,Legitimate
optimole.com,Legitimate
admaster.cc,Legitimate
bambuser.com,Legitimate
99taxis.mobi,Legitimate
usercontent.goog,Legitimate
haxx.se,Legitimate
v2z.ru,Legitimate
superhosting.bg,Legitimate
reverso.net,Legitimate
jimdo.systems,Legitimate
tenor.co,Legitimate
eb.mil.br,Legitimate
slackb.com,Legitimate
lesoir.be,Legitimate
exelator.com,Legitimate
pku.edu.cn,Legitimate
nic.xyz,Legitimate
antena3.com,Legitimate
docomo.ne.jp,Legitimate
asuracomic.net,Legitimate
lastwarapp.com,Legitimate
filmyfiy.mov,Legitimate
google.ch,Legitimate
cisf.gov.in,Legitimate
principal.com,Legitimate
cbr.ru,Legitimate
avlyun.com,Legitimate
uiscom.ru,Legitimate
9ffyu1g9c.com,Legitimate
maurices.com,Legitimate
anlian.co,Legitimate
piratbit.fun,Legitimate
imhentai.xxx,Legitimate
fingerhi.net,Legitimate
zoomdev.us,Legitimate
spigotmc.org,Legitimate
cnc.cn,Legitimate
onmicrosoft.com,Legitimate
kooora.com,Legitimate
blogspot.co.uk,Legitimate
google.com.ly,Legitimate
zblogcn.com,Legitimate
app-ads-services.com,Legitimate
163img.com,Legitimate
megoplan.ru,Legitimate
namebay.com,Legitimate
jthedots.com,Legitimate
2ksports.com,Legitimate
spglobal.com,Legitimate
kreativmedia.ch,Legitimate
bose.io,Legitimate
pch.net,Legitimate
tracktor.in,Legitimate
iberia.com,Legitimate
grubhub.com,Legitimate
gorgias.help,Legitimate
1e100.net,Legitimate
akadns88.net,Legitimate
33win.com,Legitimate
awsdns-38.com,Legitimate
nfcube.com,Legitimate
kustomerapp.com,Legitimate
pangolin-sdk-toutiao.com,Legitimate
xn--42c5ab1a9aq9hqb5dud.cc,Legitimate
qu.ax,Legitimate
freedom1.ru,Legitimate
allevents.in,Legitimate
pravda.sk,Legitimate
google.mn,Legitimate
baggyrepackingrocky.com,Legitimate
rtcloud.ru,Legitimate
ovhcloud.com,Legitimate
photopea.com,Legitimate
proofdns.net,Legitimate
footmercato.net,Legitimate
openoffice.org,Legitimate
beeg.com,Legitimate
huaweicloud-dns.com,Legitimate
1and1.com,Legitimate
filmboom.top,Legitimate
itzmx.com,Legitimate
offers1st.com,Legitimate
letu.ru,Legitimate
jsonline.com,Legitimate
hef.co.ke,Legitimate
userpilot.io,Legitimate
thewrap.com,Legitimate
nationalpost.com,Legitimate
currys.co.uk,Legitimate
app-analytics-services-att.com,Legitimate
dramaboxdb.com,Legitimate
linkplay.com,Legitimate
sex-studentki.games,Legitimate
de-tencentclb.cloud,Legitimate
ucr.edu,Legitimate
dstud.io,Legitimate
104.com.tw,Legitimate
outlook.cn,Legitimate
uisp.com,Legitimate
wordstream.com,Legitimate
misspark.com,Legitimate
feishu.cn,Legitimate
mercadolibre.com.mx,Legitimate
datezone.com,Legitimate
betswiz.in,Legitimate
audioeye.com,Legitimate
verizon.net,Legitimate
fotmob.com,Legitimate
r01.ru,Legitimate
zemanta.com,Legitimate
unimelb.edu.au,Legitimate
generatepress.com,Legitimate
disney.com,Legitimate
google.bg,Legitimate
phosagro.ru,Legitimate
proxibid.com,Legitimate
therarbg.to,Legitimate
nutrition.org,Legitimate
interactgo.com,Legitimate
zentrick.com,Legitimate
doviz.com,Legitimate
uni-muenster.de,Legitimate
myhentaicomics.com,Legitimate
poetryfoundation.org,Legitimate
electrodepot.fr,Legitimate
xn----ztbcbceder.net,Legitimate
shipstation.com,Legitimate
supaghost.cc,Legitimate
gmx.net,Legitimate
acmeaom.com,Legitimate
boxcdn.net,Legitimate
sportschau.de,Legitimate
hgrtb.com,Legitimate
sefan.ru,Legitimate
elong.com,Legitimate
awsdns-21.com,Legitimate
auth0app.com,Legitimate
melia.com,Legitimate
bi.zone,Legitimate
rxnvg.com,Legitimate
transfermarkt.es,Legitimate
pinayot.com,Legitimate
hik-connect.com,Legitimate
finanzen.net,Legitimate
shueisha.co.jp,Legitimate
awsdns-60.com,Legitimate
tv3.lt,Legitimate
thrillist.com,Legitimate
nettiauto.com,Legitimate
globalprivacycontrol.org,Legitimate
gotomeet.me,Legitimate
dynu.com,Legitimate
ns1p.net,Legitimate
vigo.ru,Legitimate
zdnscloud.net,Legitimate
cloudflareok.com,Legitimate
aditude.io,Legitimate
queniuyk.com,Legitimate
faqs.org,Legitimate
vonedge.com,Legitimate
vdiey.net,Legitimate
bdurl.net,Legitimate
pie.org,Legitimate
inkscape.org,Legitimate
karte.io,Legitimate
sedoparking.com,Legitimate
porsche.cloud,Legitimate
nic.my,Legitimate
gucci.com,Legitimate
catonetworks.com,Legitimate
mongodb.net,Legitimate
ceros.com,Legitimate
podtrac.com,Legitimate
1x1x5.com,Legitimate
samba.tv,Legitimate
google.co.za,Legitimate
stickyadstv.com,Legitimate
madisoft.it,Legitimate
hentaila.tv,Legitimate
wanadoo.fr,Legitimate
campaign-archive.com,Legitimate
manta.com,Legitimate
arstechnica.com,Legitimate
yieldlove-ad-serving.net,Legitimate
zenon.net,Legitimate
yottaa.com,Legitimate
clean.gg,Legitimate
cloudflaressl.com,Legitimate
getyourguide.com,Legitimate
ceneo.pl,Legitimate
w3techs.com,Legitimate
oem.com.mx,Legitimate
bobaedream.co.kr,Legitimate
kidshealth.org,Legitimate
jcrew.com,Legitimate
rspamd.com,Legitimate
studentaid.gov,Legitimate
pstatp.com,Legitimate
jkanime.net,Legitimate
railyatri.in,Legitimate
quovadisglobal.com,Legitimate
bonappetit.com,Legitimate
procyclingstats.com,Legitimate
fool.com,Legitimate
fujitsu.com,Legitimate
tasteofhome.com,Legitimate
motherjones.com,Legitimate
nettvservices.com,Legitimate
jobbmintatv.pro,Legitimate
blackmagicdesign.com,Legitimate
google.gg,Legitimate
zazzle.com,Legitimate
openstax.org,Legitimate
zeno.fm,Legitimate
freebit.net,Legitimate
ixxx.com,Legitimate
rajabotak104.xyz,Legitimate
sweetwater.com,Legitimate
sante.fr,Legitimate
google.us,Legitimate
keenetic.ru,Legitimate
ruijie.com.cn,Legitimate
google.cv,Legitimate
cloud-xip.com,Legitimate
mangalib.me,Legitimate
smi2.ru,Legitimate
ikiru.wtf,Legitimate
tsa.gov,Legitimate
mwscdn.ru,Legitimate
ndmdhs.com,Legitimate
bootstrapmade.com,Legitimate
nickfinder.com,Legitimate
nextdns.io,Legitimate
xs4all.nl,Legitimate
ngtv.io,Legitimate
romanticgolpo.com,Legitimate
climatempo.com.br,Legitimate
zbporn.com,Legitimate
xxxvideo.link,Legitimate
tobsnssdk.com,Legitimate
vinylone.co.uk,Legitimate
coinmarketcap.com,Legitimate
belka-games.com,Legitimate
adrush.space,Legitimate
sumup.com,Legitimate
matterport.com,Legitimate
videojs.org,Legitimate
kcl.ac.uk,Legitimate
google.lv,Legitimate
marieclaire.fr,Legitimate
ingentaconnect.com,Legitimate
dittoparty.com,Legitimate
zlib.net,Legitimate
pinterest.de,Legitimate
delfi.ee,Legitimate
aro.network,Legitimate
lsapp.eu,Legitimate
sezzle.com,Legitimate
depop.com,Legitimate
upbhulekh.gov.in,Legitimate
faberlic.com,Legitimate
maxon.net,Legitimate
trivago.com,Legitimate
eleadcrm.com,Legitimate
wildixin.com,Legitimate
bankrate.com,Legitimate
osha.gov,Legitimate
allabout.co.jp,Legitimate
admatic.com.tr,Legitimate
amd.online,Legitimate
doofinder.com,Legitimate
support-intelligence.net,Legitimate
eonline.com,Legitimate
dnsenable.com,Legitimate
dyn.com,Legitimate
trustarc.com,Legitimate
pornbomb.org,Legitimate
snapkit.com,Legitimate
bluewin.ch,Legitimate
feverup.com,Legitimate
syndicatedsearch.goog,Legitimate
simplisafe.com,Legitimate
zonaprop.com.ar,Legitimate
kamareels2.com,Legitimate
snaptube.app,Legitimate
vivawebhost.com,Legitimate
y8.com,Legitimate
mosreg.ru,Legitimate
cybersource.com,Legitimate
stream-balancer-allo-1.live,Legitimate
qustodio.com,Legitimate
awsdns-42.net,Legitimate
sexdep.blog,Legitimate
indianxxxvideos.link,Legitimate
betway.co.za,Legitimate
fordham.edu,Legitimate
prosv.ru,Legitimate
tange365.com,Legitimate
bcv.org.ve,Legitimate
apmex.com,Legitimate
snapcraft.io,Legitimate
tclking.com,Legitimate
uu.net,Legitimate
lesechos.fr,Legitimate
libbyshelf.com,Legitimate
vijesti.me,Legitimate
xbcs.net,Legitimate
devicetask.com,Legitimate
govinfo.gov,Legitimate
equant.net,Legitimate
dergipark.org.tr,Legitimate
roadsteam.net,Legitimate
diagrams.net,Legitimate
basedrust.fun,Legitimate
retailrocket.ru,Legitimate
strava.com,Legitimate
host-food.ru,Legitimate
alohaenterprise.com,Legitimate
vteximg.com.br,Legitimate
pingdom.com,Legitimate
xhamster44.desi,Legitimate
kmart.com.au,Legitimate
furbo.co,Legitimate
iti.br,Legitimate
igamecj.com,Legitimate
sbcglobal.net,Legitimate
bhaskar.com,Legitimate
proximabeta.com,Legitimate
poshvine.com,Legitimate
bricodepot.fr,Legitimate
pure.cloud,Legitimate
awsdns-50.com,Legitimate
consentframework.com,Legitimate
vewd.com,Legitimate
wikileaks.org,Legitimate
bestbuy.ca,Legitimate
yimg.jp,Legitimate
turboscribe.ai,Legitimate
gentoo.org,Legitimate
betterstackdata.com,Legitimate
missav.live,Legitimate
pubnub.com,Legitimate
rakuten.tv,Legitimate
lnkd.in,Legitimate
cellrebel.com,Legitimate
fhvfd.com,Legitimate
impactradius-event.com,Legitimate
pitchfork.com,Legitimate
guzelhosting.com,Legitimate
awsdns-22.net,Legitimate
grindr.mobi,Legitimate
wasabisys.com,Legitimate
grammy.com,Legitimate
madrasati.sa,Legitimate
moeblog.cn,Legitimate
dollargeneral.com,Legitimate
motorsport.com,Legitimate
al.com,Legitimate
split.io,Legitimate
semana.es,Legitimate
latribune.fr,Legitimate
wps.cn,Legitimate
trkcliq.com,Legitimate
nic.kz,Legitimate
huffingtonpost.jp,Legitimate
dexscreener.com,Legitimate
beastiality.tv,Legitimate
goo-net.com,Legitimate
coinmaster.com,Legitimate
waterstones.com,Legitimate
hashvault.pro,Legitimate
presseportal.de,Legitimate
dnsleaktest.com,Legitimate
likee.com,Legitimate
fortinet.com,Legitimate
vk.team,Legitimate
theiconic.com.au,Legitimate
vanityfair.it,Legitimate
geforce.com,Legitimate
awsdns-35.com,Legitimate
fwupd.org,Legitimate
tacticalrmm.io,Legitimate
rosneft.ru,Legitimate
jpmorgan.com,Legitimate
awsdns-27.net,Legitimate
tu-darmstadt.de,Legitimate
voeazul.com.br,Legitimate
glbimg.com,Legitimate
domestika.org,Legitimate
mob.com,Legitimate
cato.org,Legitimate
gsxt.gov.cn,Legitimate
wolfram.com,Legitimate
twinrdengine.com,Legitimate
systeme.io,Legitimate
adn.cloud,Legitimate
amzndns.co.uk,Legitimate
supersportbet.com,Legitimate
rfb.ac,Legitimate
imunify360.com,Legitimate
altium.com,Legitimate
eazypaytech.net,Legitimate
comscore.com,Legitimate
inria.fr,Legitimate
vak345.com,Legitimate
steamusercontent.com,Legitimate
signalfx.com,Legitimate
varonis.io,Legitimate
bethesda.net,Legitimate
buyee.jp,Legitimate
fornex.com,Legitimate
powerautomate.com,Legitimate
shopee.com,Legitimate
zjcdn.com,Legitimate
polsatnews.pl,Legitimate
altibbi.com,Legitimate
zadn.vn,Legitimate
novelfull.com,Legitimate
stuff.co.nz,Legitimate
fdownloader.net,Legitimate
krx18.com,Legitimate
shinyapps.io,Legitimate
payermax.com,Legitimate
sayouth.mobi,Legitimate
ap.org,Legitimate
pixieset.com,Legitimate
booksy.com,Legitimate
awsdns-00.co.uk,Legitimate
staseraintv.com,Legitimate
menulog.com.au,Legitimate
earn.fm,Legitimate
petco.com,Legitimate
gmlinteractive.com,Legitimate
sway-cdn.com,Legitimate
bravehost.com,Legitimate
lg.co.kr,Legitimate
artlist.io,Legitimate
34sp.com,Legitimate
tomorrowland.com,Legitimate
pbstck.com,Legitimate
tumadouga.jp,Legitimate
replevysquab.top,Legitimate
abgligarchan.com,Legitimate
speedostream1.com,Legitimate
123rf.com,Legitimate
terraform.io,Legitimate
toptal.com,Legitimate
zohocdn.com,Legitimate
jbzd.com.pl,Legitimate
sfndns.cn,Legitimate
podbean.com,Legitimate
mcw-casino.biz,Legitimate
exchbet365.live,Legitimate
wroc.pl,Legitimate
adsbynimbus.com,Legitimate
keralalotterytoday.com,Legitimate
speed-manga.net,Legitimate
winzip.com,Legitimate
vudu.com,Legitimate
vice.com,Legitimate
test.com,Legitimate
shopee.co.th,Legitimate
papercut.com,Legitimate
eskimi.com,Legitimate
motortrend.com,Legitimate
sproutgigs.com,Legitimate
sc-static.net,Legitimate
joinhoney.com,Legitimate
skyscanner.net,Legitimate
gnip.com,Legitimate
moneris.com,Legitimate
tripcdn.com,Legitimate
carview.co.jp,Legitimate
miacademy.co,Legitimate
uncn.jp,Legitimate
marca.com,Legitimate
baomoi.com,Legitimate
queniuak.com,Legitimate
smartcasttv.com,Legitimate
ardentnews.co.kr,Legitimate
copernicus.org,Legitimate
lidl.es,Legitimate
bancoestado.cl,Legitimate
livehindustan.com,Legitimate
mycloud.com,Legitimate
rabobank.nl,Legitimate
ctfassets.net,Legitimate
hihi2.com,Legitimate
userway.org,Legitimate
ic.ac.uk,Legitimate
emirates.com,Legitimate
iptv2022.com,Legitimate
sheknows.com,Legitimate
gree.jp,Legitimate
medallia.com,Legitimate
bytegecko.com,Legitimate
filmstarts.de,Legitimate
demilked.com,Legitimate
google.org,Legitimate
lotus-dsp.ru,Legitimate
shbet800.com,Legitimate
novelupdates.com,Legitimate
vpngate2.jp,Legitimate
dowjones.io,Legitimate
techsmith.com,Legitimate
minutemedia-prebid.com,Legitimate
lodz.pl,Legitimate
imovelweb.com.br,Legitimate
kion.ru,Legitimate
hosted-by-discourse.com,Legitimate
lu.ma,Legitimate
visma.net,Legitimate
komiku.asia,Legitimate
colostate.edu,Legitimate
pretty-fly4.com,Legitimate
cainet.ru,Legitimate
transcend.io,Legitimate
manhuaus.com,Legitimate
aemet.es,Legitimate
bio.site,Legitimate
cn.com,Legitimate
banggood.com,Legitimate
sfmc-marketing.com,Legitimate
ltn.com.tw,Legitimate
sexybluefilm.com,Legitimate
holy-push.com,Legitimate
myflorida.com,Legitimate
wnyc.org,Legitimate
very.co.uk,Legitimate
closeli.com,Legitimate
eurosport.de,Legitimate
gamestop.ca,Legitimate
mangabuddy.com,Legitimate
funplus.com,Legitimate
euractiv.com,Legitimate
unicode.org,Legitimate
classificadosx.net,Legitimate
explodie.org,Legitimate
skynewsarabia.com,Legitimate
idealmedia.io,Legitimate
eloqua.com,Legitimate
ebay.fr,Legitimate
fortinet.net,Legitimate
catonet.works,Legitimate
marketplace.org,Legitimate
att-idns.net,Legitimate
amazon.jobs,Legitimate
samsungmax.com,Legitimate
peatix.com,Legitimate
webhosting.dk,Legitimate
hindawi.com,Legitimate
groww.in,Legitimate
ip138.com,Legitimate
gastronom.ru,Legitimate
tourvisor.ru,Legitimate
cdngc.net,Legitimate
lieferando.de,Legitimate
hscollectedforms.net,Legitimate
payhip.com,Legitimate
inmotionhosting.com,Legitimate
findnovel.net,Legitimate
360qhcdn.com,Legitimate
liveinternet.ru,Legitimate
uchile.cl,Legitimate
amp-endpoint3.com,Legitimate
auspost.com.au,Legitimate
foxsports.com,Legitimate
maryland.gov,Legitimate
mariadb.org,Legitimate
rajabandotsuper74.com,Legitimate
analog.com,Legitimate
pantheon.io,Legitimate
presage.io,Legitimate
kxmp.cf,Legitimate
sexhqxxx.com,Legitimate
graficaromaweb.com,Legitimate
snyk.io,Legitimate
chalmers.se,Legitimate
advmusic.com,Legitimate
astro.com,Legitimate
rootsoc.com,Legitimate
leagueoflegends.com,Legitimate
amcrestcloud.com,Legitimate
jennymovies.com,Legitimate
wired.co.uk,Legitimate
buzzoola.com,Legitimate
crunchyrollcdn.com,Legitimate
ionos.fr,Legitimate
douban.com,Legitimate
fragrancenet.com,Legitimate
conversionsapigateway.com,Legitimate
mk.co.kr,Legitimate
workspaceone.com,Legitimate
foursquare.com,Legitimate
mxpnl.com,Legitimate
hyprmx.com,Legitimate
weathernews.jp,Legitimate
pinterest.co.uk,Legitimate
avid.com,Legitimate
amazon.ie,Legitimate
blogspot.de,Legitimate
deltaork.com,Legitimate
lcw.com,Legitimate
openwave.ai,Legitimate
luc.edu,Legitimate
videy.co,Legitimate
ultimatestsatapex.com,Legitimate
la.lv,Legitimate
ixbt.com,Legitimate
theregister.com,Legitimate
kif.tube,Legitimate
uclahealth.org,Legitimate
mundodeportivo.com,Legitimate
sexemodel.com,Legitimate
apkcombo.com,Legitimate
nexcess.net,Legitimate
taboolanews.com,Legitimate
pavietnam.net,Legitimate
xvideos.es,Legitimate
divvy.co,Legitimate
flashscore.sk,Legitimate
badambiz.com,Legitimate
databank.com,Legitimate
yomiuri.co.jp,Legitimate
betpawa.mw,Legitimate
nrf.com,Legitimate
swisscom.ch,Legitimate
jal.co.jp,Legitimate
thepure.app,Legitimate
su.se,Legitimate
geekwire.com,Legitimate
atsenergo.ru,Legitimate
amazon.co.za,Legitimate
fsf.org,Legitimate
csod.com,Legitimate
liputan6.com,Legitimate
ono.com,Legitimate
post-gazette.com,Legitimate
vidazoo.services,Legitimate
audienceexposure.com,Legitimate
alltrails.com,Legitimate
aktuality.sk,Legitimate
kanoon.ir,Legitimate
tdnsv5.com,Legitimate
correios.com.br,Legitimate
web.dev,Legitimate
wayground.com,Legitimate
fnyfeds.com,Legitimate
prosafe.bet,Legitimate
gvt3.com,Legitimate
sumologic.com,Legitimate
dpboss.boston,Legitimate
androidpolice.com,Legitimate
udemy.com,Legitimate
overdrive.com,Legitimate
atomex.net,Legitimate
appnexusgslb.com,Legitimate
codebig2.net,Legitimate
elperiodico.com,Legitimate
lvbp.com,Legitimate
myworkday.com,Legitimate
videoxxx.sex,Legitimate
whitepages.com,Legitimate
partsouq.com,Legitimate
zalando.de,Legitimate
ilovepdf.com,Legitimate
prmovies.delivery,Legitimate
unicomcdn.com.cn,Legitimate
crossthegame.com,Legitimate
sched.com,Legitimate
prevention.com,Legitimate
gmanetwork.com,Legitimate
awsdns-20.com,Legitimate
hostedemail.com,Legitimate
tvanouvelles.ca,Legitimate
fti.net,Legitimate
fujifilm.com,Legitimate
yksdks.com,Legitimate
cloudmark.com,Legitimate
apptracer.ru,Legitimate
pokepara.jp,Legitimate
expansion.com,Legitimate
schoology.com,Legitimate
google.tg,Legitimate
ladbrokes.com,Legitimate
minecraft.net,Legitimate
yximgs.com,Legitimate
houzz.com,Legitimate
flexwebhosting.nl,Legitimate
gslb.com,Legitimate
javsek.net,Legitimate
oregon.gov,Legitimate
dzinet.ru,Legitimate
61yes.com,Legitimate
socdm.com,Legitimate
mcpehub.org,Legitimate
korona.net,Legitimate
awwwards.com,Legitimate
prezi.com,Legitimate
hpe.com,Legitimate
twingate.com,Legitimate
muslima.com,Legitimate
brother.co.jp,Legitimate
saveclip.app,Legitimate
sendbird.com,Legitimate
n-able.com,Legitimate
ams.org,Legitimate
bihar.gov.in,Legitimate
brevo.com,Legitimate
outboundproxy.com,Legitimate
rainberrytv.com,Legitimate
starrydyn.com,Legitimate
mailbox.org,Legitimate
parcelsapp.com,Legitimate
z.com,Legitimate
movieffm.net,Legitimate
sexindrag.com,Legitimate
playit2019.com,Legitimate
restaurantguru.com,Legitimate
egihosting.com,Legitimate
broadwayworld.com,Legitimate
ecukwai.com,Legitimate
website-files.com,Legitimate
idolfap.com,Legitimate
searchenginewatch.com,Legitimate
xmission.com,Legitimate
relaysteering.com,Legitimate
cortana.ai,Legitimate
seiska.fi,Legitimate
autocrm.ru,Legitimate
about.me,Legitimate
doujindesu.tv,Legitimate
hdfilmizle.life,Legitimate
remove.bg,Legitimate
ottgoods.ru,Legitimate
keymachine.de,Legitimate
moeking.me,Legitimate
g2afse.com,Legitimate
mparticle.com,Legitimate
technoratimedia.com,Legitimate
betplay.com.co,Legitimate
avianca.com,Legitimate
xnxxvideos.in,Legitimate
nba.com,Legitimate
majordomo.ru,Legitimate
voltaxam.com,Legitimate
merit.net,Legitimate
nybooks.com,Legitimate
thanhnien.vn,Legitimate
myflixerz.to,Legitimate
moviesda16.com,Legitimate
hotukdeals.com,Legitimate
dnse0.com,Legitimate
gbnews.com,Legitimate
noodlemagazine.com,Legitimate
1clickvpn.net,Legitimate
allen.in,Legitimate
freeones.com,Legitimate
pnc.com,Legitimate
awsdns-55.com,Legitimate
gos-gsp.io,Legitimate
asos.com,Legitimate
rebrand.ly,Legitimate
hisavana.com,Legitimate
google.la,Legitimate
railway.app,Legitimate
etihad.com,Legitimate
pixlr.com,Legitimate
dnsimple.com,Legitimate
trilltrill.jp,Legitimate
ibytedtos.com,Legitimate
vercel.app,Legitimate
ethiolottery.et,Legitimate
allegro.com,Legitimate
lachainemeteo.com,Legitimate
netapp.com,Legitimate
kayak.com,Legitimate
targetads.io,Legitimate
dtscdn.com,Legitimate
polyspeak.ai,Legitimate
datart.cz,Legitimate
qorno.com,Legitimate
mcr-msedge.net,Legitimate
hotelscombined.com,Legitimate
google.co.mz,Legitimate
awsdns-61.co.uk,Legitimate
assoass.com,Legitimate
samsungpositioning.com,Legitimate
dnsv1.com,Legitimate
optonline.net,Legitimate
lexology.com,Legitimate
hrc.org,Legitimate
regions.com,Legitimate
clemson.edu,Legitimate
myinstants.com,Legitimate
osf.io,Legitimate
supercdn.ru,Legitimate
illinois.edu,Legitimate
speedsmart.net,Legitimate
esquire.com,Legitimate
apitd.net,Legitimate
temporary.site,Legitimate
ozonusercontent.com,Legitimate
goodreels.com,Legitimate
sc.edu,Legitimate
ovh.us,Legitimate
telegraphindia.com,Legitimate
scopely.io,Legitimate
supplyframe.com,Legitimate
computerworld.com,Legitimate
yellowpages.com,Legitimate
rentalcars.com,Legitimate
gta5-mods.com,Legitimate
correio24horas.com.br,Legitimate
r7.com,Legitimate
ghostery.net,Legitimate
pomorska.pl,Legitimate
trellix.com,Legitimate
sjv.io,Legitimate
leroymerlin.pl,Legitimate
bancopan.com.br,Legitimate
byjus.com,Legitimate
anime-planet.com,Legitimate
vidio.com,Legitimate
cdnjs.com,Legitimate
oasiszen.app,Legitimate
mat6tube.com,Legitimate
sankei.com,Legitimate
plos.org,Legitimate
udmserve.net,Legitimate
apicgate.com,Legitimate
ni.com,Legitimate
setlist.fm,Legitimate
securiti.ai,Legitimate
hilton.com,Legitimate
flashscore.com.ng,Legitimate
aafp.org,Legitimate
cloudscdn.net,Legitimate
awstrack.me,Legitimate
olx.ua,Legitimate
drikpanchang.com,Legitimate
14emeliaterracewestroxburyma02132.su,Legitimate
gonet-ads.com,Legitimate
digi24.ro,Legitimate
dc-telemetry.net,Legitimate
racejeet247.com,Legitimate
sonicsads.com,Legitimate
thenation.com,Legitimate
toasttab.com,Legitimate
ndash.net,Legitimate
15min.lt,Legitimate
mstea.ms,Legitimate
lesnumeriques.com,Legitimate
matchtv.ru,Legitimate
acer.com,Legitimate
awsdns-22.com,Legitimate
zscalertwo.net,Legitimate
name-servers.gr,Legitimate
rabobank.com,Legitimate
thisisdax.com,Legitimate
hbet.club,Legitimate
mybigcommerce.com,Legitimate
starbucks.com,Legitimate
muckrack.com,Legitimate
takarakuji-official.jp,Legitimate
finalfantasyxiv.com,Legitimate
bu.edu,Legitimate
kbs.co.kr,Legitimate
t.cn,Legitimate
traincdn.com,Legitimate
farnell.com,Legitimate
microchip.com,Legitimate
spaceweb.ru,Legitimate
topky.sk,Legitimate
aeon.co,Legitimate
coach.com,Legitimate
nseindia.com,Legitimate
eplus.jp,Legitimate
gendai.media,Legitimate
kanald.com.tr,Legitimate
doi.gov,Legitimate
indeed.net,Legitimate
personio-internal.de,Legitimate
bngf.ru,Legitimate
poringa.net,Legitimate
lmco.com,Legitimate
nongnu.org,Legitimate
otidapi.com,Legitimate
adobess.com,Legitimate
google.ci,Legitimate
eurowings.com,Legitimate
aliexpress.ru,Legitimate
helpshift.com,Legitimate
rakuten-card.co.jp,Legitimate
peers.tv,Legitimate
diy.com,Legitimate
delish.com,Legitimate
inmarsat.com,Legitimate
cariad.digital,Legitimate
gumtree.com.au,Legitimate
google.com.sa,Legitimate
files.fm,Legitimate
1capp.com,Legitimate
tfl.gov.uk,Legitimate
bitdrift.io,Legitimate
redcross.org,Legitimate
theiet.org,Legitimate
anker.com,Legitimate
nu.nl,Legitimate
hrw.org,Legitimate
jivox.com,Legitimate
cedock.com,Legitimate
pagalnew.com,Legitimate
hackmd.io,Legitimate
kunlunaq.com,Legitimate
impervasecuredns.net,Legitimate
bytedns3.com,Legitimate
alza.cz,Legitimate
manhwa-latino.com,Legitimate
s5qlfahupkra.com,Legitimate
mxtoolbox.com,Legitimate
xmeye.net,Legitimate
7-zip.org,Legitimate
scoalarutiera.ro,Legitimate
axios.com,Legitimate
salesforce-scrt.com,Legitimate
simply.com,Legitimate
shazam.com,Legitimate
mindbodygreen.com,Legitimate
stockbit.com,Legitimate
zebra.com,Legitimate
illuminateed.com,Legitimate
eitaa.ir,Legitimate
eum-appdynamics.com,Legitimate
cbs.com,Legitimate
redtube.com,Legitimate
myangular.life,Legitimate
warnermediacdn.com,Legitimate
foodnetwork.co.uk,Legitimate
awsdns-18.net,Legitimate
etherscan.io,Legitimate
xnxx-arabic.com,Legitimate
just.ro,Legitimate
tokyo-np.co.jp,Legitimate
inews.co.uk,Legitimate
hubcloud.foo,Legitimate
cognitoforms.com,Legitimate
narwaltech.com,Legitimate
ousaqb.tech,Legitimate
derwesten.de,Legitimate
dummies.com,Legitimate
e-jumbo.gr,Legitimate
ukg.net,Legitimate
razer.com,Legitimate
directv.com,Legitimate
deliveryhero.net,Legitimate
dafont.com,Legitimate
getgrass.io,Legitimate
s7.ru,Legitimate
182682.xyz,Legitimate
cardsmobile.ru,Legitimate
988lifeline.org,Legitimate
vodafone.co.uk,Legitimate
ksl.com,Legitimate
nvcam.net,Legitimate
zus.pl,Legitimate
gesoten.com,Legitimate
handelsblatt.com,Legitimate
xundns.com,Legitimate
iloveimg.com,Legitimate
ffmpeg.org,Legitimate
telkomsel.com,Legitimate
admob.com,Legitimate
newswire.ca,Legitimate
federalreserve.gov,Legitimate
mediafax.ro,Legitimate
suning.com,Legitimate
chochox.com,Legitimate
jugabet.cl,Legitimate
hikvision.com,Legitimate
yusercontent.com,Legitimate
mydesi2.net,Legitimate
schwab.tech,Legitimate
tiny.cc,Legitimate
snapp.autos,Legitimate
cargurus.com,Legitimate
cic.fr,Legitimate
kas-labs.com,Legitimate
google.co.ug,Legitimate
voltaxservices.io,Legitimate
sb.by,Legitimate
education.ne.jp,Legitimate
mashable.com,Legitimate
arm.com,Legitimate
moviesda15.com,Legitimate
snu.ac.kr,Legitimate
blogspot.ca,Legitimate
kumanga.com,Legitimate
bitmex.com,Legitimate
reverb.com,Legitimate
aqi.in,Legitimate
battle.net,Legitimate
wakelet.com,Legitimate
ngs.ru,Legitimate
delgarm.com,Legitimate
filmaffinity.com,Legitimate
ogury.io,Legitimate
createjs.com,Legitimate
vtb.ru,Legitimate
mine.nu,Legitimate
appboy.com,Legitimate
bokepnoz.in,Legitimate
newyorker.com,Legitimate
mmcdn.com,Legitimate
last.fm,Legitimate
dochii.xyz,Legitimate
fsc.org,Legitimate
tjk-njk.com,Legitimate
libramemoria.com,Legitimate
skymovieshd.mba,Legitimate
gallup.com,Legitimate
9animetv.to,Legitimate
pornpics.de,Legitimate
turkish123.to,Legitimate
iau.ir,Legitimate
spacex.com,Legitimate
egais.ru,Legitimate
chanel.com,Legitimate
gboxlab.com,Legitimate
matrix.org,Legitimate
act.org,Legitimate
ntvspor.net,Legitimate
infojobs.net,Legitimate
dlsite.com,Legitimate
ip.sb,Legitimate
geni.com,Legitimate
stumbleupon.com,Legitimate
designboom.com,Legitimate
samr.gov.cn,Legitimate
eurekacloud.io,Legitimate
island.io,Legitimate
rackspaceclouddb.com,Legitimate
tubi.video,Legitimate
mediawiki.org,Legitimate
fsiblog5.com,Legitimate
worldoftanks.eu,Legitimate
superbthemes.com,Legitimate
voegol.com.br,Legitimate
defense.gov,Legitimate
dnsitalia.net,Legitimate
miitbeian.gov.cn,Legitimate
fullstory.com,Legitimate
fotoscapes.com,Legitimate
hentaiz.bot,Legitimate
skysports.com,Legitimate
neu.edu.cn,Legitimate
wsj.net,Legitimate
kth.se,Legitimate
livenation.com,Legitimate
haberturk.com,Legitimate
sicredi.com.br,Legitimate
mawartotohijau.com,Legitimate
ome.tv,Legitimate
lexisnexisrisk.com,Legitimate
conectate.com.do,Legitimate
eukdns.com,Legitimate
tkc.co.jp,Legitimate
thumbzilla.com,Legitimate
dssedge.com,Legitimate
blog.gov.uk,Legitimate
fextralife.com,Legitimate
maff.go.jp,Legitimate
pasarbokep.com,Legitimate
google.td,Legitimate
testnav.com,Legitimate
phimxxx.ai,Legitimate
pozdravok.com,Legitimate
wallpapercave.com,Legitimate
porn-sex-site.com,Legitimate
evidon.com,Legitimate
speedrun.com,Legitimate
tinkoff.ru,Legitimate
edge.apple,Legitimate
salesmartly.com,Legitimate
arenabg.com,Legitimate
queniucf.com,Legitimate
awsdns-24.co.uk,Legitimate
officedepot.com,Legitimate
okex.org,Legitimate
monica.im,Legitimate
jedolo.com,Legitimate
openrouter.ai,Legitimate
kgns1.com,Legitimate
digitalturbine.com,Legitimate
uaserials.com,Legitimate
stylitics.com,Legitimate
usabracketing.com,Legitimate
ivicdn.tv,Legitimate
awsdns-49.co.uk,Legitimate
bk6bba-resources.com,Legitimate
pitc.com.pk,Legitimate
leadconnectorhq.com,Legitimate
gunbroker.com,Legitimate
locketcamera.com,Legitimate
uni-leipzig.de,Legitimate
mediawallahscript.com,Legitimate
hola.org,Legitimate
google.com.pk,Legitimate
sharepointonline.com,Legitimate
freenet.de,Legitimate
grofer.io,Legitimate
dapay2.com,Legitimate
servetraff.com,Legitimate
easytomessage.com,Legitimate
aa.com.tr,Legitimate
bankier.pl,Legitimate
nla.gov.au,Legitimate
google.fr,Legitimate
um.es,Legitimate
pi7.org,Legitimate
kiplinger.com,Legitimate
solopornoitaliani.xxx,Legitimate
abc7ny.com,Legitimate
volccdn.com,Legitimate
gr.com,Legitimate
uvm.edu,Legitimate
war.gov,Legitimate
sapphireonline.pk,Legitimate
badoocdn.com,Legitimate
aidemsrv.com,Legitimate
easy4ipcloud.com,Legitimate
ixigo.com,Legitimate
flashscore.com.br,Legitimate
tribuneindia.com,Legitimate
zhangmenglong.cn,Legitimate
liquidweb.com,Legitimate
ntt.net,Legitimate
px-cdn.net,Legitimate
host-vision.com,Legitimate
lifehacker.com,Legitimate
locaweb.com.br,Legitimate
skechers.com,Legitimate
tdnsvod1.cn,Legitimate
nd.edu,Legitimate
tawk.to,Legitimate
dallasnews.com,Legitimate
sbis.ru,Legitimate
usgs.gov,Legitimate
bfldr.com,Legitimate
jagex.com,Legitimate
resideo.com,Legitimate
sporza.be,Legitimate
kathimerini.gr,Legitimate
iana.org,Legitimate
tameteo.com,Legitimate
adjust.net.in,Legitimate
la.gov,Legitimate
xhcdn.com,Legitimate
marketo.net,Legitimate
dota2.com,Legitimate
yarnpkg.com,Legitimate
millipiyangoonline.com,Legitimate
megagroup.ru,Legitimate
rezka-ua.tv,Legitimate
joomcdn.net,Legitimate
bunkr.cr,Legitimate
bath.ac.uk,Legitimate
championat.asia,Legitimate
hihonorcdn.com,Legitimate
bytepluscdn.com,Legitimate
skypeforbusiness.com,Legitimate
atom.com,Legitimate
mijia.tech,Legitimate
centrum.cz,Legitimate
sexiveo.com,Legitimate
ces.tech,Legitimate
ny.gov,Legitimate
todoist.com,Legitimate
google.com.lb,Legitimate
military.com,Legitimate
ardmediathek.de,Legitimate
blueduckredapple.com,Legitimate
karger.com,Legitimate
quickstream-app.com,Legitimate
cam4.com,Legitimate
laredoute.fr,Legitimate
redcdn.pl,Legitimate
swisssign.net,Legitimate
farsnews.ir,Legitimate
livetex.ru,Legitimate
gamer-network.uk,Legitimate
monetixads.com,Legitimate
getcomposer.org,Legitimate
cri.cn,Legitimate
allyonostore.com,Legitimate
hubapi.com,Legitimate
af.mil,Legitimate
bato.si,Legitimate
ficbook.net,Legitimate
19fortyfive.com,Legitimate
freefiremobile.com,Legitimate
lettuceclub.net,Legitimate
devowl.io,Legitimate
windguru.cz,Legitimate
abc.net.au,Legitimate
cnews.fr,Legitimate
mac.com,Legitimate
softether-network.net,Legitimate
chron.com,Legitimate
fazenda.gov.br,Legitimate
shaalaa.com,Legitimate
hivebedrock.network,Legitimate
euid.eu,Legitimate
css-tricks.com,Legitimate
statnews.com,Legitimate
gama.ir,Legitimate
gazzetta.gr,Legitimate
huaweicloudwaf.com,Legitimate
doaj.org,Legitimate
creditmutuel.fr,Legitimate
parklogic.com,Legitimate
sharechat.com,Legitimate
disa.mil,Legitimate
vorwerk-digital.com,Legitimate
obi.de,Legitimate
xxbrits.com,Legitimate
google.lt,Legitimate
wpi.edu,Legitimate
evite.com,Legitimate
alibabacorp.com,Legitimate
gemius.pl,Legitimate
mynet.com,Legitimate
dalyfeds.com,Legitimate
rmsolutions.ch,Legitimate
solidworks.com,Legitimate
preply.com,Legitimate
ftc.ru,Legitimate
remitly.com,Legitimate
ge.com,Legitimate
cdnhwczba04.com,Legitimate
luticlip.com,Legitimate
mediav.com,Legitimate
permkrai.ru,Legitimate
volkswagen.de,Legitimate
viglink.com,Legitimate
xero.com,Legitimate
rackspace-cloud.com,Legitimate
synopsys.com,Legitimate
iata.org,Legitimate
amazon.sa,Legitimate
garmin.com,Legitimate
goodnotescloud.com,Legitimate
yottaa.net,Legitimate
mitchell1.com,Legitimate
prnt.sc,Legitimate
placed.com,Legitimate
pscube.jp,Legitimate
google.co.ve,Legitimate
bblmw.com,Legitimate
producthunt.com,Legitimate
ekstrabladet.dk,Legitimate
shopifyapps.com,Legitimate
okko.tv,Legitimate
keio.ac.jp,Legitimate
president.jp,Legitimate
travelandtourworld.com,Legitimate
t1chat.com,Legitimate
3cat.cat,Legitimate
aida.de,Legitimate
alternet.org,Legitimate
nbcuni.com,Legitimate
keralalotteries.net,Legitimate
operacdn.com,Legitimate
xgroovy.com,Legitimate
vercomicsporno.com,Legitimate
printercloud.com,Legitimate
powerbi.com,Legitimate
dpreview.com,Legitimate
toprecepty.cz,Legitimate
tmohentai.com,Legitimate
buymeacoffee.com,Legitimate
ojogodobicho.com,Legitimate
segmento.ru,Legitimate
comicbox.xyz,Legitimate
aizhantj.com,Legitimate
nguoiquansat.vn,Legitimate
kolesa.kz,Legitimate
onswingers.com,Legitimate
adventori.com,Legitimate
mordorintelligence.com,Legitimate
youngle.site,Legitimate
morganstanley.com,Legitimate
tableau.com,Legitimate
louisville.edu,Legitimate
slt.lk,Legitimate
programme-tv.net,Legitimate
anaconda.com,Legitimate
gotomeeting.com,Legitimate
krushmedia.com,Legitimate
sahibinden.com,Legitimate
boomplaymusic.com,Legitimate
spectrum.com,Legitimate
weplayapp.com,Legitimate
partslink24.com,Legitimate
virtualearth.net,Legitimate
minepi.com,Legitimate
arduino.cc,Legitimate
google.com.sb,Legitimate
glpals.com,Legitimate
meteofor.lt,Legitimate
arbada.com,Legitimate
uncen.org,Legitimate
gaymaletube.com,Legitimate
aade.gr,Legitimate
home-assistant.io,Legitimate
cash.app,Legitimate
steamrip.com,Legitimate
rule34.us,Legitimate
secop.gov.co,Legitimate
evri.com,Legitimate
t1-cloud.ru,Legitimate
digitalgov.gov,Legitimate
gearpatrol.com,Legitimate
saksfifthavenue.com,Legitimate
drogasil.com.br,Legitimate
novell.com,Legitimate
parivahan.gov.in,Legitimate
airtel.in,Legitimate
scirp.org,Legitimate
cbn.com,Legitimate
ibispaint.com,Legitimate
hubspotemail.net,Legitimate
jsmsat.com,Legitimate
exoscale.ch,Legitimate
bluebillywig.com,Legitimate
illusionblack.com,Legitimate
dns.lv,Legitimate
tkmaxx.com,Legitimate
nysc.org.ng,Legitimate
lenovo.com.cn,Legitimate
spboss.mobi,Legitimate
eset.systems,Legitimate
silvermob.com,Legitimate
heytapmobi.com,Legitimate
marphezis.com,Legitimate
dagospia.com,Legitimate
github.blog,Legitimate
yadongtv86.com,Legitimate
tubitv.com,Legitimate
n8n.io,Legitimate
planetminecraft.com,Legitimate
pureapk.com,Legitimate
zeotap.com,Legitimate
winner.bet,Legitimate
voisetech.com,Legitimate
pubmnet.com,Legitimate
kaptcha.com,Legitimate
playtika.com,Legitimate
up.pt,Legitimate
appcues.net,Legitimate
shopee.com.my,Legitimate
ruta1000.com.ar,Legitimate
popcap.com,Legitimate
sport.es,Legitimate
sinajs.cn,Legitimate
google.vu,Legitimate
telerik.com,Legitimate
folieporno.fr,Legitimate
harica.gr,Legitimate
mozgcp.net,Legitimate
grafana.net,Legitimate
byteintlapi.com,Legitimate
pstatic.net,Legitimate
sbermarketing.ru,Legitimate
monash.edu,Legitimate
jtexpress.com.cn,Legitimate
saser.tw,Legitimate
syncromsp.com,Legitimate
artillex-studios.com,Legitimate
cvut.cz,Legitimate
examinationservices.nic.in,Legitimate
zalando.com,Legitimate
ivancity.com,Legitimate
nirvam.it,Legitimate
wa.link,Legitimate
granify.com,Legitimate
unece.org,Legitimate
toolmatrix.plus,Legitimate
xhchannel.com,Legitimate
com.net,Legitimate
sae.org,Legitimate
ebaycdn.net,Legitimate
azure-apim.net,Legitimate
fresh8.co,Legitimate
glance.net,Legitimate
yektanet.com,Legitimate
sattamatkaresult.net,Legitimate
flipkart.net,Legitimate
bdydns.cn,Legitimate
admanmedia.com,Legitimate
doz.pl,Legitimate
elespanol.com,Legitimate
hereapi.com,Legitimate
mangaread.org,Legitimate
itglue.com,Legitimate
paginegialle.it,Legitimate
dhgate.com,Legitimate
camsoda.com,Legitimate
ponta.jp,Legitimate
nolo.com,Legitimate
vfsglobal.com,Legitimate
uts.edu.au,Legitimate
paykeeper.ru,Legitimate
siteground.net,Legitimate
axis.com,Legitimate
qatarairways.com,Legitimate
getpocket.com,Legitimate
redporn.porn,Legitimate
google.com.pr,Legitimate
trustindex.io,Legitimate
bluetrafficstream.com,Legitimate
iscorp.com,Legitimate
cvent.com,Legitimate
api.aws,Legitimate
telecomsvc.com,Legitimate
thains.co.th,Legitimate
telekom.com,Legitimate
careem-engineering.com,Legitimate
xhoz.world,Legitimate
milb.com,Legitimate
sandiegouniontribune.com,Legitimate
ltwebstatic.com,Legitimate
smtp2go.com,Legitimate
p6sai.com,Legitimate
maybank2u.com.my,Legitimate
elfinanciero.com.mx,Legitimate
networksolutions.com,Legitimate
frameo.net,Legitimate
rp-online.de,Legitimate
indianrail.gov.in,Legitimate
hotmart.com,Legitimate
zdnscloud.biz,Legitimate
onthemarket.com,Legitimate
nptel.ac.in,Legitimate
sexosur.cl,Legitimate
videocelebs.net,Legitimate
paadars.com,Legitimate
edmentum.com,Legitimate
blogspot.nl,Legitimate
liveramp.com,Legitimate
narod.ru,Legitimate
dropgame.jp,Legitimate
chartbeat.net,Legitimate
ifilo.net,Legitimate
google.lk,Legitimate
telecinco.es,Legitimate
investors.com,Legitimate
downdetector.com,Legitimate
beyondtrustcloud.com,Legitimate
tui.com,Legitimate
blibli.com,Legitimate
filgoal.com,Legitimate
privacymanager.io,Legitimate
unleash-hosted.com,Legitimate
snaptube.com,Legitimate
kit.com,Legitimate
russianfood.com,Legitimate
journaldemontreal.com,Legitimate
hessenschau.de,Legitimate
ipsos.com,Legitimate
geeksforgeeks.org,Legitimate
warp.dev,Legitimate
sorrisi.com,Legitimate
bocongan.gov.vn,Legitimate
origo.hu,Legitimate
nortonalto.com,Legitimate
natalie.mu,Legitimate
hostatom.com,Legitimate
imf.org,Legitimate
catawiki.com,Legitimate
goodsync.com,Legitimate
soundtrackyourbrand.com,Legitimate
wwstat.com,Legitimate
awsdns-45.co.uk,Legitimate
googlesource.com,Legitimate
natlawreview.com,Legitimate
screencastify.com,Legitimate
ispconfig.org,Legitimate
myfin.by,Legitimate
digicert.cn,Legitimate
active24.cz,Legitimate
spoonflower.com,Legitimate
wealthsimple.com,Legitimate
telefonica.com,Legitimate
com.be,Legitimate
apps.chrome,Legitimate
google.mv,Legitimate
sciencenews.org,Legitimate
tori.fi,Legitimate
ucf.edu,Legitimate
creditkarma.com,Legitimate
freshworks.com,Legitimate
chess-results.com,Legitimate
francetravail.fr,Legitimate
idaho.gov,Legitimate
ipwho.is,Legitimate
hornbach.de,Legitimate
anilife.live,Legitimate
ihg.com,Legitimate
rockwellautomation.com,Legitimate
trvdp.com,Legitimate
youtibao.com,Legitimate
nymag.com,Legitimate
etrain.info,Legitimate
bloomberglaw.com,Legitimate
ziprecruiter.com,Legitimate
91porny.com,Legitimate
dnse5.com,Legitimate
google.si,Legitimate
anrdoezrs.net,Legitimate
c-span.org,Legitimate
adorocinema.com,Legitimate
mta.info,Legitimate
playwekings.ru,Legitimate
paramount.com,Legitimate
saasexch.com,Legitimate
browser-intake-datadoghq.eu,Legitimate
bazaarvoice.com,Legitimate
gemidos.tv,Legitimate
yoomoney.ru,Legitimate
stamped.io,Legitimate
shorttv.live,Legitimate
timeappmarketing.com,Legitimate
thscore.mobi,Legitimate
codedish.co,Legitimate
ticketmaster.co.uk,Legitimate
ekino-tv.pl,Legitimate
chewy.com,Legitimate
nic.uk,Legitimate
tiktok-row.net,Legitimate
proofpoint.com,Legitimate
hudl.com,Legitimate
topuniversities.com,Legitimate
han-solo.net,Legitimate
boyfriendtv.com,Legitimate
rakuten-sec.co.jp,Legitimate
sfgate.com,Legitimate
foxbusiness.com,Legitimate
jqueryui.com,Legitimate
golux.com,Legitimate
cumhuriyet.com.tr,Legitimate
second-ns.com,Legitimate
terabox.app,Legitimate
toki.gov.tr,Legitimate
fireworktv.com,Legitimate
aryion.com,Legitimate
v-videoapp.com,Legitimate
bablosoft.com,Legitimate
e621.net,Legitimate
milfat.com,Legitimate
bravenet.com,Legitimate
andbeyond.media,Legitimate
uppcl.org,Legitimate
wantgoo.com,Legitimate
bac.com,Legitimate
tnh1.com.br,Legitimate
gala.fr,Legitimate
theyarehuge.com,Legitimate
rise-ai.com,Legitimate
cmbchina.com,Legitimate
openbittorrent.com,Legitimate
mdhv.io,Legitimate
mobygames.com,Legitimate
canadianwebhosting.com,Legitimate
setmore.com,Legitimate
nextdoor.com,Legitimate
sxsw.com,Legitimate
appnext.com,Legitimate
t.ly,Legitimate
moe.gov.my,Legitimate
starwars.com,Legitimate
voicemod.net,Legitimate
satta-king-fast.com,Legitimate
harpercollins.com,Legitimate
umbc.edu,Legitimate
relevant-digital.com,Legitimate
rfihub.net,Legitimate
orangedata.ru,Legitimate
miku-doujin.com,Legitimate
limetorrents.fun,Legitimate
linksys.com,Legitimate
contextweb.com,Legitimate
ekitan.com,Legitimate
aliexpress-media.com,Legitimate
ydmob.com,Legitimate
ztat.net,Legitimate
xrea.com,Legitimate
sanook.com,Legitimate
cnnx.link,Legitimate
acobt.tech,Legitimate
redbus1.org,Legitimate
ngpay88.com,Legitimate
inshot.cc,Legitimate
hdfcbank.com,Legitimate
here.com,Legitimate
jmu.edu,Legitimate
clamav.net,Legitimate
gamespot.com,Legitimate
xbanxia.cc,Legitimate
dotnxdomain.net,Legitimate
dyndns.biz,Legitimate
lahuashanbx.com,Legitimate
maynoe.com,Legitimate
sprinthost.ru,Legitimate
highwebmedia.com,Legitimate
wwd.com,Legitimate
boxofficemojo.com,Legitimate
zeasn.tv,Legitimate
imggaming.com,Legitimate
githubcopilot.com,Legitimate
segmentapis.com,Legitimate
google.com.sv,Legitimate
bx-dc-msedge.net,Legitimate
dnsv3.com,Legitimate
transsion.com,Legitimate
akamaitechnologies.com,Legitimate
mobirise.com,Legitimate
blockchain.com,Legitimate
txxx.me,Legitimate
ezviz7.com,Legitimate
adexchangeclear.com,Legitimate
altin.in,Legitimate
barbars.ru,Legitimate
romeo.com,Legitimate
d41.co,Legitimate
iql.ru,Legitimate
helpscout.net,Legitimate
azurecontainerapps.io,Legitimate
flashscore.com.ua,Legitimate
citi.com,Legitimate
wepzone.net,Legitimate
joins.com,Legitimate
bbci.co.uk,Legitimate
rent.com,Legitimate
faroutmagazine.co.uk,Legitimate
findarticles.com,Legitimate
tiqcdn.com,Legitimate
hsprotect.net,Legitimate
razerzone.com,Legitimate
yle.fi,Legitimate
besoccer.com,Legitimate
strato.de,Legitimate
refinery29.com,Legitimate
wsdvs.info,Legitimate
adup-tech.com,Legitimate
awsdns-59.com,Legitimate
mamastar.jp,Legitimate
vidazoo.com,Legitimate
themeisle.com,Legitimate
tencent-cloud.com,Legitimate
hottopic.com,Legitimate
morningstar.com,Legitimate
limo.media,Legitimate
tantora.jp,Legitimate
ringcentral.com,Legitimate
azazie.com,Legitimate
psnprofiles.com,Legitimate
wf.com,Legitimate
ninjarmm.com,Legitimate
dnsv5.com,Legitimate
tripod.com,Legitimate
gitlab.io,Legitimate
queniuum.com,Legitimate
indazn.com,Legitimate
doordash.com,Legitimate
awsdns-37.co.uk,Legitimate
s8ey.com,Legitimate
qiita.com,Legitimate
ademe.fr,Legitimate
siteprotect.com,Legitimate
khl.ru,Legitimate
imagemagick.com,Legitimate
pcgamer.com,Legitimate
forgeofempires.com,Legitimate
hotwire.com,Legitimate
rezairan.shop,Legitimate
oppo.com,Legitimate
zg-api.com,Legitimate
mackolik.com,Legitimate
palcloset.jp,Legitimate
baidu-itm.com,Legitimate
penguinrandomhouse.com,Legitimate
decathlon.es,Legitimate
ci-servers.net,Legitimate
uni-hamburg.de,Legitimate
opensource.org,Legitimate
khabaronline.ir,Legitimate
detyep.com,Legitimate
planethoster.net,Legitimate
repocket.com,Legitimate
rs-online.com,Legitimate
xsolla.com,Legitimate
nhk.jp,Legitimate
zimbra.com,Legitimate
jdoqocy.com,Legitimate
nic.zone,Legitimate
xham.live,Legitimate
gransy.com,Legitimate
vonage.com,Legitimate
poloptrex.com,Legitimate
acscdn.com,Legitimate
garotacomlocal.com,Legitimate
cnbcindonesia.com,Legitimate
king.com,Legitimate
auctollo.com,Legitimate
hostwindsdns.com,Legitimate
betfair.com,Legitimate
jetbrains.ai,Legitimate
nz14.com,Legitimate
vogue.co.uk,Legitimate
uhc.com,Legitimate
d-53.net,Legitimate
networkworld.com,Legitimate
ladepeche.fr,Legitimate
hackaday.com,Legitimate
lothar.com,Legitimate
meituan.net,Legitimate
aeroflot.ru,Legitimate
claveunica.gob.cl,Legitimate
ultradns2.com,Legitimate
deine-tierwelt.de,Legitimate
teenvogue.com,Legitimate
pagina12.com.ar,Legitimate
halara.com,Legitimate
autohome.com.cn,Legitimate
xvideos2.com,Legitimate
socialmediagirls.com,Legitimate
glamour.com,Legitimate
ub.edu,Legitimate
onliner.by,Legitimate
realizationnewestfangs.com,Legitimate
catchon.com,Legitimate
7tv.io,Legitimate
inquirer.net,Legitimate
viifwjox.com,Legitimate
dotloop.com,Legitimate
givefreely.com,Legitimate
idealista.pt,Legitimate
rsc.org,Legitimate
mtb.com,Legitimate
posthog.com,Legitimate
iqzone.com,Legitimate
federalregister.gov,Legitimate
advancedmd.com,Legitimate
lovable.app,Legitimate
xxvideos.video,Legitimate
bluebeam.com,Legitimate
advanced-web-analytics.com,Legitimate
adnxs.net,Legitimate
jnj.com,Legitimate
urbanoutfitters.com,Legitimate
siteimproveanalytics.com,Legitimate
snackvideo.com,Legitimate
awsdns-09.com,Legitimate
loudersound.com,Legitimate
winbuzz.org,Legitimate
sprinklr.com,Legitimate
ecombdimg.com,Legitimate
infolinks.com,Legitimate
escortsandbabes.com.au,Legitimate
yospace.com,Legitimate
about.google,Legitimate
linkis.ru,Legitimate
carnegieendowment.org,Legitimate
oxfordlearnersdictionaries.com,Legitimate
rzd.ru,Legitimate
kemendikdasmen.go.id,Legitimate
flurry.com,Legitimate
awsdns-31.net,Legitimate
futurism.com,Legitimate
popularmechanics.com,Legitimate
animeshentai.biz,Legitimate
extremetech.com,Legitimate
eurobet.it,Legitimate
1internet.tv,Legitimate
ping.cloud,Legitimate
inditex.com,Legitimate
coral.co.uk,Legitimate
justindianporn.info,Legitimate
fanatics.com,Legitimate
eiga.com,Legitimate
olxurl.com,Legitimate
momoshop.com.tw,Legitimate
hoster.kz,Legitimate
babu88.gold,Legitimate
google.com.na,Legitimate
agenciatributaria.gob.es,Legitimate
franceinfo.fr,Legitimate
slack-edge.com,Legitimate
aviasales.com,Legitimate
dutils.com,Legitimate
printix.net,Legitimate
ebayrtm.com,Legitimate
arubainstanton.com,Legitimate
hi2999.com,Legitimate
hwcdn.ru,Legitimate
gfycat.com,Legitimate
bitdefender.net,Legitimate
novartis.com,Legitimate
amur-cit.ru,Legitimate
destatis.de,Legitimate
name-servers.ch,Legitimate
upmc.com,Legitimate
zee5.com,Legitimate
mimecast.com,Legitimate
gnome.org,Legitimate
jit.si,Legitimate
resheba.top,Legitimate
watchhentai.net,Legitimate
bt.dk,Legitimate
newrepublic.com,Legitimate
uni-kl.de,Legitimate
awsdns-43.co.uk,Legitimate
villagevoice.com,Legitimate
manhwazone.to,Legitimate
ad-tech.ru,Legitimate
sportingnews.com,Legitimate
net-line.pro,Legitimate
xbato.com,Legitimate
hachettebookgroup.com,Legitimate
author.today,Legitimate
ksmobile.com,Legitimate
haremaltin.com,Legitimate
justservingfiles.net,Legitimate
nic.cz,Legitimate
bz-berlin.de,Legitimate
wikihow.com,Legitimate
awsdns-18.com,Legitimate
shopifycdn.com,Legitimate
37games.com,Legitimate
urbandictionary.com,Legitimate
vidmate-official.com,Legitimate
cityu.edu.hk,Legitimate
uvic.ca,Legitimate
tue.nl,Legitimate
pa.gov,Legitimate
bucoup.com,Legitimate
ballotpedia.org,Legitimate
twword.com,Legitimate
subito.it,Legitimate
venturebeat.com,Legitimate
hulu.com,Legitimate
google.com.mx,Legitimate
yuga.ru,Legitimate
diretta.it,Legitimate
goguardian.com,Legitimate
dsts.cloud,Legitimate
whatspos.com,Legitimate
awsdns-51.co.uk,Legitimate
eu-4-id5-sync.com,Legitimate
awsdns-26.com,Legitimate
zoho.in,Legitimate
ncsl.org,Legitimate
remax.com,Legitimate
languagetool.org,Legitimate
auto.ru,Legitimate
mawartotobest.com,Legitimate
ionos.com,Legitimate
wxlivecdn.com,Legitimate
car.gr,Legitimate
hotjar.io,Legitimate
omny.fm,Legitimate
google.com.do,Legitimate
roszdravnadzor.ru,Legitimate
tx88.top,Legitimate
formstack.com,Legitimate
link.me,Legitimate
jalbum.net,Legitimate
theobjective.com,Legitimate
comix.to,Legitimate
centralnic.net,Legitimate
simplecast.com,Legitimate
scribehow.com,Legitimate
dwcdn.net,Legitimate
atl-paas.net,Legitimate
lumtest.com,Legitimate
senat.fr,Legitimate
sovcombank.group,Legitimate
b92.net,Legitimate
onlinevkino.com,Legitimate
hr-link.ru,Legitimate
playblackdesert.com,Legitimate
questdiagnostics.com,Legitimate
edgecdn.co,Legitimate
cdnhwcbqs106.com,Legitimate
nflximg.net,Legitimate
priceline.com,Legitimate
rshb.ru,Legitimate
bezeqint.net,Legitimate
starfieldtech.com,Legitimate
smartasset.com,Legitimate
walgreens.com,Legitimate
pingone.com,Legitimate
lgeapi.com,Legitimate
mintegral.net,Legitimate
pracuj.pl,Legitimate
amazon.ae,Legitimate
plala.or.jp,Legitimate
hstgr.net,Legitimate
apachetoday.com,Legitimate
ukdevilz.com,Legitimate
sinoptik.ua,Legitimate
emxdgt.com,Legitimate
redwap.me,Legitimate
dillards.com,Legitimate
mailspike.net,Legitimate
thlotto.com,Legitimate
nytrng.com,Legitimate
akakce.com,Legitimate
veeam.com,Legitimate
google.cm,Legitimate
hyundai.com,Legitimate
standard.co.uk,Legitimate
buienradar.nl,Legitimate
lucidchart.com,Legitimate
elpais.com.uy,Legitimate
52shuku.net,Legitimate
foxit.com,Legitimate
queniusy.com,Legitimate
arbeitsagentur.de,Legitimate
computrabajo.com,Legitimate
ati.su,Legitimate
st.com,Legitimate
cdngtm.com,Legitimate
zhihu.com,Legitimate
e-monsite.com,Legitimate
bseindia.com,Legitimate
viator.com,Legitimate
nabu.casa,Legitimate
ks.works,Legitimate
tesla.services,Legitimate
geediting.com,Legitimate
star4live.com,Legitimate
porno666.nl,Legitimate
ecoticias.com,Legitimate
bt.cn,Legitimate
marktplaats.nl,Legitimate
dailytelegraph.com.au,Legitimate
usenix.org,Legitimate
chrome.com,Legitimate
spdns.de,Legitimate
eastmoney.com,Legitimate
gva.es,Legitimate
xsmn.mobi,Legitimate
paymaya.com,Legitimate
lpsg.com,Legitimate
bmw.de,Legitimate
aws.com,Legitimate
ebsco.com,Legitimate
pantone.com,Legitimate
volvocars.com,Legitimate
ml.com,Legitimate
site123.me,Legitimate
mindmeister.com,Legitimate
make.com,Legitimate
payoneer.com,Legitimate
awsdns-12.net,Legitimate
google.com.tr,Legitimate
returnyoutubedislikeapi.com,Legitimate
51job.com,Legitimate
upm.es,Legitimate
dynatracelabs.com,Legitimate
permutive.app,Legitimate
algolianet.com,Legitimate
cbslocal.com,Legitimate
wikia-services.com,Legitimate
syndigo.com,Legitimate
vkvideo.ru,Legitimate
apa.org,Legitimate
warau.jp,Legitimate
olm.vn,Legitimate
fb.me,Legitimate
tacdn.com,Legitimate
netgate.com,Legitimate
hexagon-analytics.com,Legitimate
rr.com,Legitimate
ocsp-certum.com,Legitimate
ucla.edu,Legitimate
wwsga.me,Legitimate
txlivecdn.com,Legitimate
boyfriend.tv,Legitimate
super.cz,Legitimate
pdscrb.com,Legitimate
hopkinsmedicine.org,Legitimate
octopus.energy,Legitimate
postimg.org,Legitimate
mosyle.com,Legitimate
quay.io,Legitimate
amazon.com.tr,Legitimate
adl.org,Legitimate
bestialitysextaboo.net,Legitimate
proxit.ru,Legitimate
smashingmagazine.com,Legitimate
stats.gov.cn,Legitimate
google.ps,Legitimate
weveryw.com,Legitimate
onrender.com,Legitimate
2kct.onl,Legitimate
cdn4image.com,Legitimate
naijared.com,Legitimate
kraken.com,Legitimate
joinindianarmy.nic.in,Legitimate
pornarabi.net,Legitimate
fastclick.net,Legitimate
flathub.org,Legitimate
si.com,Legitimate
globalsources.com,Legitimate
iconfinder.com,Legitimate
happy-porn.com,Legitimate
ziniao.com,Legitimate
cibc.com,Legitimate
volcfcdndvs1.com,Legitimate
xnxx.es,Legitimate
azet.sk,Legitimate
indianoil.in,Legitimate
sachsen.de,Legitimate
ensonhaber.com,Legitimate
javmost.com,Legitimate
exness.com,Legitimate
whoop.com,Legitimate
fhaccess.com,Legitimate
hostland.ru,Legitimate
capcutapi.us,Legitimate
whatmobile.com.pk,Legitimate
msnbc.com,Legitimate
alldatasheet.com,Legitimate
costcotravel.com,Legitimate
richardsw.club,Legitimate
steam-chat.com,Legitimate
netvision.net.il,Legitimate
vervegroup.cloud,Legitimate
google.com.pg,Legitimate
vegamovies.london,Legitimate
swiftkey.com,Legitimate
fedex.com,Legitimate
samsungelectronics.com,Legitimate
fogaonet.com,Legitimate
toto12atlanta.net,Legitimate
cleanbrowsing.org,Legitimate
okstate.edu,Legitimate
funpay.com,Legitimate
supabase.co,Legitimate
mind.org.uk,Legitimate
fonts.net,Legitimate
kombinat.digital,Legitimate
dotvndns.vn,Legitimate
bigo.tv,Legitimate
wondershare.com,Legitimate
mjedge.net,Legitimate
ahnlab.com,Legitimate
atrustdns.com,Legitimate
siteground.eu,Legitimate
sonnenbatterie.de,Legitimate
clustrmaps.com,Legitimate
talend.com,Legitimate
megaphone.fm,Legitimate
adevarul.ro,Legitimate
celtra.com,Legitimate
zellbury.com,Legitimate
sonobi.com,Legitimate
voodoo-gaming.io,Legitimate
lotterysambad.one,Legitimate
porno666.fo,Legitimate
ts.net,Legitimate
qznovelvod.com,Legitimate
geojs.io,Legitimate
sc.gov,Legitimate
dodois.io,Legitimate
realsimple.com,Legitimate
pusat-nonton.space,Legitimate
ninite.com,Legitimate
mountsinai.org,Legitimate
your-storageshare.de,Legitimate
kubiobuilder.com,Legitimate
ns.gov,Legitimate
hanime1.me,Legitimate
sibforms.com,Legitimate
gitee.com,Legitimate
incometax.gov.in,Legitimate
nielsen.com,Legitimate
umeng.com,Legitimate
gupy.io,Legitimate
uzmovi.tv,Legitimate
leroymerlin.es,Legitimate
hearstapps.com,Legitimate
coca-cola.com,Legitimate
tvwiki5.net,Legitimate
google.co.kr,Legitimate
ylilauta.org,Legitimate
fantia.jp,Legitimate
nag.kz,Legitimate
insidehighered.com,Legitimate
ketchcdn.com,Legitimate
energy.volyn.ua,Legitimate
rustore.ru,Legitimate
ycombinator.com,Legitimate
airbnb.com.br,Legitimate
balena-cloud.com,Legitimate
ttlivecdn.com,Legitimate
dagbladet.no,Legitimate
google.bs,Legitimate
awsdns-62.net,Legitimate
awsdns-53.com,Legitimate
btttag.com,Legitimate
clientgear.com,Legitimate
bodybuilding.com,Legitimate
ptsecurity.com,Legitimate
webpt.com,Legitimate
sitemaps.org,Legitimate
acuityscheduling.com,Legitimate
linke.ai,Legitimate
ericsson.com,Legitimate
carwale.com,Legitimate
tamildhool.tech,Legitimate
tecnomat.it,Legitimate
songsterr.com,Legitimate
google.ws,Legitimate
slate.com,Legitimate
moeys.gov.kh,Legitimate
oclc.org,Legitimate
websitewelcome.com,Legitimate
foodandwine.com,Legitimate
rospotrebnadzor.ru,Legitimate
ggpolarbear.com,Legitimate
activemetering.com,Legitimate
psdops.com,Legitimate
consumeraffairs.com,Legitimate
blockaway.net,Legitimate
rollingstone.com,Legitimate
tuya.com,Legitimate
gamesindustry.biz,Legitimate
justdial.com,Legitimate
google.gm,Legitimate
attacheatableoverlabor.com,Legitimate
joyclub.de,Legitimate
shaw.ca,Legitimate
bampt2.com,Legitimate
ov1o.com,Legitimate
kpn.com,Legitimate
mhrs.gov.tr,Legitimate
dnsyc.top,Legitimate
pb06e2-resources.com,Legitimate
iobit.com,Legitimate
lyft.com,Legitimate
checkout.com,Legitimate
doxygen.nl,Legitimate
mapbox.com,Legitimate
shahrekhabar.com,Legitimate
arabi-xnxx.my,Legitimate
gadgets360.com,Legitimate
zerogpt.com,Legitimate
yg5sjx5kzy.com,Legitimate
totalcasino.pl,Legitimate
pwc.com,Legitimate
win2day.at,Legitimate
mbl.is,Legitimate
classlink.com,Legitimate
vlr.gg,Legitimate
thinkwithgoogle.com,Legitimate
napps-1.com,Legitimate
hentaihaven.xxx,Legitimate
nh.gov,Legitimate
photoshelter.com,Legitimate
money.com,Legitimate
dolynkcloud.com,Legitimate
mavrtracktor.com,Legitimate
cocolog-nifty.com,Legitimate
beget.ru,Legitimate
statsig.com,Legitimate
driftt.com,Legitimate
openbsd.org,Legitimate
ngrok.com,Legitimate
archlinux.org,Legitimate
awsdns-23.net,Legitimate
at-o.net,Legitimate
wo3yu1sti.com,Legitimate
lekmanga.net,Legitimate
moviezwap.sarl,Legitimate
asclepiuswellness.com,Legitimate
adukwai.com,Legitimate
dynamicyield.com,Legitimate
ngl.link,Legitimate
alipay.com,Legitimate
airtable.com,Legitimate
omniroot.com,Legitimate
oreilly.com,Legitimate
bunny.net,Legitimate
ubc.ca,Legitimate
afthemes.com,Legitimate
uptodown.com,Legitimate
cwi.nl,Legitimate
anchor.fm,Legitimate
check24.de,Legitimate
zcvh.net,Legitimate
weerrhoop.cc,Legitimate
digikey.com,Legitimate
xoalt.com,Legitimate
ojp.gov,Legitimate
bradesco.com.br,Legitimate
awsdns-55.co.uk,Legitimate
bigrockservers.com,Legitimate
wow.xxx,Legitimate
samsungmobile.com,Legitimate
norton.com,Legitimate
accor.com,Legitimate
17u.cn,Legitimate
castlebet.com.na,Legitimate
salecars.ir,Legitimate
prismaaccess.com,Legitimate
inc.com,Legitimate
proxmox.com,Legitimate
netnod.se,Legitimate
eduquestzone.pro,Legitimate
towardsdatascience.com,Legitimate
coindesk.com,Legitimate
sudrf.ru,Legitimate
wustl.edu,Legitimate
lazada.com.my,Legitimate
nefisyemektarifleri.com,Legitimate
bridgeoos.com,Legitimate
mingky02.net,Legitimate
cars24.com,Legitimate
ah.nl,Legitimate
zdnet.com,Legitimate
conforama.fr,Legitimate
unisoc.com,Legitimate
globes.co.il,Legitimate
bannerflow.net,Legitimate
newsit.gr,Legitimate
topgirl.co,Legitimate
awsdns-00.com,Legitimate
cquotient.com,Legitimate
jet2holidays.com,Legitimate
streamrail.com,Legitimate
archive.ph,Legitimate
vinted.com,Legitimate
flirtify.com,Legitimate
kingdomtotox52.com,Legitimate
easydns.com,Legitimate
wcdnga.com,Legitimate
clvrads.com,Legitimate
autotrader.co.za,Legitimate
tagesanzeiger.ch,Legitimate
ubisoft.com,Legitimate
google.bj,Legitimate
amocrm.ru,Legitimate
vps-vids.com,Legitimate
uimz80fgj.com,Legitimate
spbtv.media,Legitimate
cafebazaar.ir,Legitimate
netlify.com,Legitimate
rolex.com,Legitimate
zuimeitianqi.com,Legitimate
miibeian.gov.cn,Legitimate
usbank.com,Legitimate
2dehands.be,Legitimate
outsideonline.com,Legitimate
darty.com,Legitimate
www.gov.cn,Legitimate
sattamatkano1.me,Legitimate
tripadvisor.fr,Legitimate
cloudflare-eth.com,Legitimate
centrastage.net,Legitimate
vogue.it,Legitimate
tubegalore.com,Legitimate
merlincdn.net,Legitimate
pron.click,Legitimate
five64dmv.com,Legitimate
coingecko.com,Legitimate
habeas.com,Legitimate
megapbx.ru,Legitimate
kasserver.com,Legitimate
aarnet.net.au,Legitimate
webengage.com,Legitimate
threatseeker.com,Legitimate
informer.com,Legitimate
cern.ch,Legitimate
infeng.site,Legitimate
blsp.at,Legitimate
xn--2-wxfax2bxc9bzguc.com,Legitimate
business.com,Legitimate
xprimehub.my,Legitimate
robertsspaceindustries.com,Legitimate
nofeu.com,Legitimate
acesso.gov.pt,Legitimate
coolblue.nl,Legitimate
hotpic.cc,Legitimate
clwweb.lat,Legitimate
tripledotapi.com,Legitimate
directadmin.com,Legitimate
awsdns-05.net,Legitimate
google.sc,Legitimate
pla3.com,Legitimate
nanit.com,Legitimate
toonblast.net,Legitimate
lectormangaa.com,Legitimate
magnit.ru,Legitimate
servogram.io,Legitimate
parastorage.com,Legitimate
fastpic.ru,Legitimate
lifo.gr,Legitimate
rugbyrama.fr,Legitimate
postimg.cc,Legitimate
worldcat.org,Legitimate
sdpay.co.in,Legitimate
google.bt,Legitimate
desivids.pro,Legitimate
noibu.com,Legitimate
apachetutor.org,Legitimate
nginx.net,Legitimate
animesonlinecc.to,Legitimate
google.ca,Legitimate
zoho.eu,Legitimate
bybit.biz,Legitimate
shawcable.net,Legitimate
digitallocker.gov.in,Legitimate
meoodata01.com,Legitimate
pnas.org,Legitimate
tistory.com,Legitimate
abbott.com,Legitimate
digicertdns.com,Legitimate
musang178mantap.com,Legitimate
pagesperso-orange.fr,Legitimate
moonactive.net,Legitimate
lidl.de,Legitimate
tu-berlin.de,Legitimate
aylanetworks.com,Legitimate
idmap.ai,Legitimate
bbvms.com,Legitimate
msappproxy.net,Legitimate
dtag.de,Legitimate
monster.com,Legitimate
billboard.com,Legitimate
awsdns-01.co.uk,Legitimate
ingos.ru,Legitimate
blackrussia.online,Legitimate
alfasense.net,Legitimate
lacuerda.net,Legitimate
tcl.com,Legitimate
dtic.mil,Legitimate
boxlikesedativespinach.com,Legitimate
ce.cn,Legitimate
hardened-php.net,Legitimate
ply.gg,Legitimate
skokka.in,Legitimate
congress.gov,Legitimate
onelogin.com,Legitimate
lgtvsdp.com,Legitimate
imo.org,Legitimate
violity.com,Legitimate
tilda.ws,Legitimate
topics1st.com,Legitimate
justpaste.it,Legitimate
aerdns.ru,Legitimate
stvidtest.net,Legitimate
aif.ru,Legitimate
boots.com,Legitimate
belfasttelegraph.co.uk,Legitimate
google.tm,Legitimate
devicetrust.com,Legitimate
iccku.com,Legitimate
ferrari.com,Legitimate
dbankedge.net,Legitimate
frontiernet.net,Legitimate
automattic.com,Legitimate
eltiempo.es,Legitimate
uni-mainz.de,Legitimate
bergfex.at,Legitimate
food.com,Legitimate
aptoide.com,Legitimate
c-msedge.net,Legitimate
photonengine.io,Legitimate
rule34.xyz,Legitimate
sozcu.com.tr,Legitimate
honeytoon.com,Legitimate
histats.com,Legitimate
desjardins.com,Legitimate
unfpa.org,Legitimate
optimonk.com,Legitimate
mempool.space,Legitimate
trustx.org,Legitimate
loilonote.app,Legitimate
dcloudstc.com,Legitimate
akadns99.net,Legitimate
intercom.com,Legitimate
hellofresh.com,Legitimate
bandsintown.com,Legitimate
xn--42cah7d0cxcvbbb9x.com,Legitimate
enabiz.gov.tr,Legitimate
divephotoguide.com,Legitimate
lacounty.gov,Legitimate
wav.tv,Legitimate
blm.gov,Legitimate
thepioneerwoman.com,Legitimate
hookspf.com,Legitimate
turfexpert.net,Legitimate
usabilla.com,Legitimate
smh.com.au,Legitimate
rijksoverheid.nl,Legitimate
paysafe.com,Legitimate
vercel-dns-016.com,Legitimate
geneanet.org,Legitimate
tns-counter.ru,Legitimate
uwo.ca,Legitimate
bitmoji.com,Legitimate
nowcoder.com,Legitimate
baishan-cloud.net,Legitimate
x7i0.com,Legitimate
rsasecurity.com,Legitimate
hoyoverse.com,Legitimate
shahvani.com,Legitimate
meetcircle-netgear.co,Legitimate
southernliving.com,Legitimate
twitpic.com,Legitimate
avito.st,Legitimate
hostpapa.com,Legitimate
moneycontrol.com,Legitimate
melbetegypt.com,Legitimate
de.net,Legitimate
slashgear.com,Legitimate
europepmc.org,Legitimate
dhnet.be,Legitimate
dw.com,Legitimate
electricitymaps.com,Legitimate
wfwf447.com,Legitimate
hvosting.ua,Legitimate
rajasthan.gov.in,Legitimate
goodhousekeeping.com,Legitimate
bsky.network,Legitimate
nokia.com,Legitimate
l-cdn.com,Legitimate
kobo.com,Legitimate
samregion.ru,Legitimate
hdslb.com,Legitimate
turkiye.gov.tr,Legitimate
jugandoonline.com.ar,Legitimate
rotowire.com,Legitimate
awsdns-28.com,Legitimate
edizdalkilic.com,Legitimate
bplslb.com,Legitimate
modland.net,Legitimate
fortiedr.com,Legitimate
tendawifi.com,Legitimate
dnews.gr,Legitimate
e.leclerc,Legitimate
plista.com,Legitimate
ortb.net,Legitimate
disney-plus.net,Legitimate
bestwestern.com,Legitimate
tubecup.net,Legitimate
effirst.com,Legitimate
ilo.org,Legitimate
supersport.hr,Legitimate
tagesschau.de,Legitimate
funko.com,Legitimate
itch.io,Legitimate
samsunghrm.com,Legitimate
tradedoubler.com,Legitimate
awsapps.com,Legitimate
qunaer.com,Legitimate
esecured.net,Legitimate
kabum.com.br,Legitimate
taxfoundation.org,Legitimate
fabswingers.com,Legitimate
hola.com,Legitimate
marketo.com,Legitimate
opendemocracy.net,Legitimate
amebaownd.com,Legitimate
gliacloud.com,Legitimate
jdsupra.com,Legitimate
blisspointmedia.com,Legitimate
google.jo,Legitimate
amazon.com.mx,Legitimate
megaupload.com,Legitimate
verizonwireless.com,Legitimate
ufanet.ru,Legitimate
blogspot.com.br,Legitimate
kinogo.media,Legitimate
lum-sdk.io,Legitimate
thedrive.com,Legitimate
convertexperiments.com,Legitimate
sport.cz,Legitimate
theringer.com,Legitimate
ib-ibi.com,Legitimate
pardot.com,Legitimate
zippia.com,Legitimate
5movierulz.voyage,Legitimate
zimperium.com,Legitimate
awmdm.com,Legitimate
klarna.net,Legitimate
voz.vn,Legitimate
netafraz.com,Legitimate
cutt.ly,Legitimate
orange.es,Legitimate
coppersurfer.tk,Legitimate
nhm.ac.uk,Legitimate
nexters.team,Legitimate
grserver.gr,Legitimate
clouddatahub.net,Legitimate
had.pm,Legitimate
saya.pk,Legitimate
tyler-brown.com,Legitimate
300624.com,Legitimate
splunk.com,Legitimate
cdbaby.com,Legitimate
bibliocommons.com,Legitimate
uab.cat,Legitimate
tvguide.com,Legitimate
ugr.es,Legitimate
wejoysg.com,Legitimate
jio.com,Legitimate
cookieadmin.net,Legitimate
xn--72cc3cj1fsbk9jtci.cc,Legitimate
hollisterco.com,Legitimate
nab.com.au,Legitimate
expo.dev,Legitimate
elte.hu,Legitimate
crossref.org,Legitimate
cosmicscans.asia,Legitimate
opendsp.ru,Legitimate
sdsu.edu,Legitimate
altema.jp,Legitimate
spamhaus.org,Legitimate
lush.com,Legitimate
etisalatdomains.ae,Legitimate
icann.org,Legitimate
lastampa.it,Legitimate
tplinkra.com,Legitimate
purestorage.com,Legitimate
naverncp.com,Legitimate
cancer.gov,Legitimate
vivaaerobus.com,Legitimate
nettavisen.no,Legitimate
canada.com,Legitimate
tvspielfilm.de,Legitimate
sunnypingdrink.com,Legitimate
miraheze.org,Legitimate
forrester.com,Legitimate
cdnhwcoem01.com,Legitimate
annunci69.it,Legitimate
athenahealth.com,Legitimate
kroger.com,Legitimate
nic.video,Legitimate
heroeswm.ru,Legitimate
nontonanimeid.boats,Legitimate
peplink.com,Legitimate
abebooks.com,Legitimate
tripadvisor.co.uk,Legitimate
ku.edu,Legitimate
brother.com,Legitimate
programmatica.com,Legitimate
tricolor.tv,Legitimate
anandtech.com,Legitimate
infoplease.com,Legitimate
lottopcso.com,Legitimate
thriftbooks.com,Legitimate
vhostgo.com,Legitimate
sxyprn.net,Legitimate
metricool.com,Legitimate
nishatlinen.com,Legitimate
skai.gr,Legitimate
cogentco.com,Legitimate
intensedebate.com,Legitimate
fcc.gov,Legitimate
viralize.tv,Legitimate
webinar.ru,Legitimate
palmpay.app,Legitimate
experian.com,Legitimate
365scores.com,Legitimate
rbb24.de,Legitimate
amap.com,Legitimate
tmweb.ru,Legitimate
greenend.org.uk,Legitimate
proofpoint.us,Legitimate
maxpreps.com,Legitimate
obozrevatel.com,Legitimate
1und1.de,Legitimate
tplinkcloud.com.cn,Legitimate
doppiostreams.com,Legitimate
invisioncic.com,Legitimate
p7cloud.net,Legitimate
fastlydns.net,Legitimate
collider.com,Legitimate
gladly.com,Legitimate
liveworksheets.com,Legitimate
hypernode.io,Legitimate
vzwfemto.com,Legitimate
sgsnssdk.com,Legitimate
wavebrowserbase.com,Legitimate
natrohost.com,Legitimate
temp-mail.org,Legitimate
classlink.io,Legitimate
squid-cache.org,Legitimate
pushalert.co,Legitimate
awsdns-09.net,Legitimate
signifyd.com,Legitimate
volcmcdn3.com,Legitimate
carmax.com,Legitimate
surrey.ac.uk,Legitimate
cvtapi.com,Legitimate
keepersecurity.com,Legitimate
getty.edu,Legitimate
crimejasoos.in,Legitimate
pegahtech.ir,Legitimate
kbz0pwvxmv.com,Legitimate
ttwstatic.com,Legitimate
freetds.org,Legitimate
teachoo.com,Legitimate
ewaitb.com,Legitimate
championat.com,Legitimate
keybase.io,Legitimate
wordwall.net,Legitimate
tractorsupply.com,Legitimate
adj.st,Legitimate
mailgun.net,Legitimate
denverpost.com,Legitimate
dish.com,Legitimate
tweakers.net,Legitimate
ctnsnet.com,Legitimate
hextom.com,Legitimate
hicloudcam.com,Legitimate
filmyzilla29.com,Legitimate
diepresse.com,Legitimate
elcorreo.com,Legitimate
sardinasystems.com,Legitimate
clutch.co,Legitimate
oaiusercontent.com,Legitimate
plex.tv,Legitimate
fgov.be,Legitimate
gmu.edu,Legitimate
shopee.io,Legitimate
nic.do,Legitimate
mercantilbanco.com,Legitimate
afterpay.com,Legitimate
xcoinsystem.com,Legitimate
ecouser.net,Legitimate
onclckbn.net,Legitimate
sondakika.com,Legitimate
wsbetting.co.mw,Legitimate
typing.com,Legitimate
psiphon.news,Legitimate
douyinpic.com,Legitimate
science.org,Legitimate
awsdns-37.net,Legitimate
washingtontimes.com,Legitimate
netbird.io,Legitimate
jst.go.jp,Legitimate
awsdns-39.com,Legitimate
senate.gov,Legitimate
cancerresearchuk.org,Legitimate
pastebin.com,Legitimate
ele.me,Legitimate
prebid.cloud,Legitimate
awsdns-54.com,Legitimate
justgiving.com,Legitimate
awsdns-58.net,Legitimate
awsdns-32.co.uk,Legitimate
robinhood.com,Legitimate
citizen.co.za,Legitimate
umanitoba.ca,Legitimate
imgbb.com,Legitimate
wunderground.com,Legitimate
beget.pro,Legitimate
hdpornfree.xxx,Legitimate
thomsonreuters.net,Legitimate
google.so,Legitimate
tw1.ru,Legitimate
espn.com.ve,Legitimate
bnf.fr,Legitimate
airbrake.io,Legitimate
onenote.net,Legitimate
startappelb.com,Legitimate
japanpost.jp,Legitimate
blog.google,Legitimate
hwg.org,Legitimate
sync-service.net,Legitimate
tsn.ua,Legitimate
autoscout24.de,Legitimate
htzq.com.cn,Legitimate
t-ipconnect.de,Legitimate
wixdns.net,Legitimate
bellemaison.jp,Legitimate
decolar.com,Legitimate
colorlib.com,Legitimate
lexisnexis.com,Legitimate
dictionary.com,Legitimate
apkmodjoy.net,Legitimate
boomtrain.com,Legitimate
advanseads.com,Legitimate
gayporntube.com,Legitimate
vesselfinder.com,Legitimate
ushmm.org,Legitimate
bysex.click,Legitimate
pewresearch.org,Legitimate
sonarr.tv,Legitimate
sciencedaily.com,Legitimate
geniex.com,Legitimate
psiphon.ca,Legitimate
crealitycloud.com,Legitimate
mastername.ru,Legitimate
dmxleo.com,Legitimate
renault.com,Legitimate
pythonhosted.org,Legitimate
cosme.net,Legitimate
bitcoin.com,Legitimate
peta.org,Legitimate
buzzarab.com,Legitimate
active.com,Legitimate
gamebanana.com,Legitimate
tripadvisor.it,Legitimate
pndsn.com,Legitimate
uquiz.com,Legitimate
jpmorganchase.com,Legitimate
8x8.com,Legitimate
sgnic.sg,Legitimate
googlepages.com,Legitimate
proboards.com,Legitimate
dal.ca,Legitimate
uab.edu,Legitimate
nvts.co,Legitimate
onenote.com,Legitimate
hltv.org,Legitimate
flashscore.ro,Legitimate
moneta.ru,Legitimate
cdnpf.com,Legitimate
rfi.fr,Legitimate
dg-datenschutz.de,Legitimate
awsdns-17.com,Legitimate
liquipedia.net,Legitimate
gkg.net,Legitimate
vivastreet.co.uk,Legitimate
zadns.vn,Legitimate
superporn.com,Legitimate
dizy.com,Legitimate
manualslib.com,Legitimate
onboardicafe.com,Legitimate
emojidb.org,Legitimate
yaoiscan.com,Legitimate
easeus.com,Legitimate
mangafreak.me,Legitimate
lego.com,Legitimate
bravesites.com,Legitimate
iqvia.com,Legitimate
arabam.com,Legitimate
threatdown.com,Legitimate
boc.cn,Legitimate
sinoptik.bg,Legitimate
org.ru,Legitimate
asda.com,Legitimate
qlikcloud.com,Legitimate
fcf.cat,Legitimate
poynter.org,Legitimate
openart.ai,Legitimate
fringster.com,Legitimate
medicare.gov,Legitimate
teacherspayteachers.com,Legitimate
europa.eu.int,Legitimate
attentivemobile.com,Legitimate
google.ad,Legitimate
pingtest.net,Legitimate
owasp.org,Legitimate
faphouse.tv,Legitimate
szn.cz,Legitimate
netmarble.com,Legitimate
logmein.com,Legitimate
browser-intake-us3-datadoghq.com,Legitimate
magazineluiza.com.br,Legitimate
javtiful.com,Legitimate
palm.tech,Legitimate
albumaty.com,Legitimate
hostmonster.com,Legitimate
intermarche.com,Legitimate
lgsmartplatform.com,Legitimate
tatum.io,Legitimate
zdn.vn,Legitimate
monetate.net,Legitimate
attdns.com,Legitimate
ringpublishing.com,Legitimate
rosenergo.com,Legitimate
awsdns-33.co.uk,Legitimate
bankofbaroda.bank.in,Legitimate
canarabank.com,Legitimate
economictimes.com,Legitimate
starhealth.in,Legitimate
email.gov.in,Legitimate
epfindia.gov.in,Legitimate
bankofbaroda.in,Legitimate
bsnl.co.in,Legitimate
phonepe.com,Legitimate
razorpay.com,Legitimate
hdfclife.com,Legitimate
uidai.gov.in,Legitimate
digilocker.gov.in,Legitimate
hdfcergo.com,Legitimate
onlinesbi.sbi.bank.in,Legitimate
indusind.com,Legitimate
axisbank.com,Legitimate
timesofindia.com,Legitimate
www.nic.gov.in,Legitimate
bajajfinserv.in,Legitimate
ndtv.com,Legitimate
idfcfirstbank.com,Legitimate
mygov.in,Legitimate
yesbank.in,Legitimate
unionbankofindia.co.in,Legitimate
cred.club,Legitimate
esic.in,Legitimate
gst.gov.in,Legitimate
iocl.com,Legitimate
indianrailways.gov.in,Legitimate
sbicard.com,Legitimate
iciciprulife.com,Legitimate
sbi.co.in,Legitimate
icicibank.com,Legitimate
india.gov.in,Legitimate
federalbank.co.in,Legitimate
pnbindia.in,Legitimate
licindia.in,Legitimate
nic.in,Legitimate
irctc.co.in,Legitimate
npci.org.in,Legitimate
kotakbank.com,Legitimate
bharatpe.com,Legitimate
thehindu.com,Legitimate
hindustantimes.com,Legitimate
paytm.com,Legitimate
dc.crsorgi.gov.in,Legitimate
hpcl.com,Legitimate
sbilife.co.in,Legitimate
bpcl.in,Legitimate
vi.in,Legitimate
passportindia.gov.in,Legitimate
zerodha.com,Legitimate
pnb.bank.in,Legitimate
mobikwik.com,Legitimate
